상품명,색상,품목코드,제품명
1회로(3로겸용),화이트,506U,인서트 단로 1회로 (3로겸용)
1회로(3로겸용),화이트,LS990WW,1회로 스위치 커버 화이트
1회로(일괄소등),화이트,506-20U,인서트 일괄소등 1회로 (단로/3로)
1회로(일괄소등),화이트,LS990WW,1회로 스위치 커버 화이트
2회로(단로전용),화이트,505U,인서트 단로 2회로
2회로(단로전용),화이트,LS995WW,2회로 스위치 커버 화이트
2회로(3로겸용),화이트,509U,인서트 3로 2회로 (단로겸용)
2회로(3로겸용),화이트,LS995WW,2회로 스위치 커버 화이트
3회로(3로겸용),화이트,5306EU,인서트 단로 3회로 (3로겸용)
3회로(3로겸용),화이트,LS993BFWW,3회로 스위치 커버 화이트
로터리디밍,화이트,1731DD,인서트 로터리 디밍 (일반500W / LED100W)
로터리디밍,화이트,LS1740WW,로터리 디밍 스위치 커버 화이트★신형
콘센트,화이트,LS1520KIWW,콘센트220V 화이트 (인서트+커버)
방우콘센트,화이트,LS1520KIKLWW,콘센트220V 방우형 화이트 (인서트+커버)
1회로(TV/LAN),화이트,UAE8UPOK6,인서트 1P TEL/LAN 소켓
1회로(TV/LAN),화이트,LS969-1UAWW,TEL/LAN 커버 1P 화이트
2회로(TV/LAN),화이트,UAE8-8UPOK6,인서트 2 TEL/LAN 소켓
2회로(TV/LAN),화이트,LS969-2UAWW,TEL/LAN 커버 2P 화이트
1회로(3로겸용),아이보리,506U,인서트 단로 1회로 (3로겸용)
1회로(3로겸용),아이보리,LS990,1회로 스위치 커버 아이보리
1회로(일괄소등),아이보리,506-20U,인서트 일괄소등 1회로 (단로/3로)
1회로(일괄소등),아이보리,LS990,1회로 스위치 커버 아이보리
2회로(단로전용),아이보리,505U,인서트 단로 2회로
2회로(단로전용),아이보리,LS995,2회로 스위치 커버 아이보리
2회로(3로겸용),아이보리,509U,인서트 3로 2회로 (단로겸용)
2회로(3로겸용),아이보리,LS995,2회로 스위치 커버 아이보리
3회로(3로겸용),아이보리,5306EU,인서트 단로 3회로 (3로겸용)
3회로(3로겸용),아이보리,LS993BF,3회로 스위치 커버 아이보리
로터리디밍,아이보리,1731DD,인서트 로터리 디밍 (일반500W / LED100W)
로터리디밍,아이보리,LS1740,로터리 디밍 스위치 커버 아이보리★신형
콘센트,아이보리,LS1520KI,콘센트220V 아이보리 (인서트+커버)
방우콘센트,아이보리,LS1520KIKL,콘센트220V 방우형 아이보리 (인서트+커버)
1회로(TV/LAN),아이보리,UAE8UPOK6,인서트 1P TEL/LAN 소켓
1회로(TV/LAN),아이보리,LS969-1UA,TEL/LAN 커버 1P 아이보리
2회로(TV/LAN),아이보리,UAE8-8UPOK6,인서트 2 TEL/LAN 소켓
2회로(TV/LAN),아이보리,LS969-2UA,TEL/LAN 커버 2P 아이보리
1회로(3로겸용),블랙,506U,인서트 단로 1회로 (3로겸용)
1회로(3로겸용),블랙,LS990SW,1회로 스위치 커버 블랙
1회로(일괄소등),블랙,506-20U,인서트 일괄소등 1회로 (단로/3로)
1회로(일괄소등),블랙,LS990SW,1회로 스위치 커버 블랙
2회로(단로전용),블랙,505U,인서트 단로 2회로
2회로(단로전용),블랙,LS995SW,2회로 스위치 커버 블랙
2회로(3로겸용),블랙,509U,인서트 3로 2회로 (단로겸용)
2회로(3로겸용),블랙,LS995SW,2회로 스위치 커버 블랙
3회로(3로겸용),블랙,5306EU,인서트 단로 3회로 (3로겸용)
3회로(3로겸용),블랙,LS993BFSW,3회로 스위치 커버 블랙
로터리디밍,블랙,1731DD,인서트 로터리 디밍 (일반500W / LED100W)
로터리디밍,블랙,LS1740SW,로터리 디밍 스위치 커버 블랙★신형
콘센트,블랙,LS1520KISW,콘센트220V 블랙 (인서트+커버)
방우콘센트,블랙,LS1520KIKLSW,콘센트220V 방우형 블랙 (인서트+커버)
1회로(TV/LAN),블랙,UAE8UPOK6,인서트 1P TEL/LAN 소켓
1회로(TV/LAN),블랙,LS969-1UASW,TEL/LAN 커버 1P 블랙
2회로(TV/LAN),블랙,UAE8-8UPOK6,인서트 2 TEL/LAN 소켓
2회로(TV/LAN),블랙,LS969-2UASW,TEL/LAN 커버 2P 블랙
1회로(3로겸용),라이트그레이,506U,인서트 단로 1회로 (3로겸용)
1회로(3로겸용),라이트그레이,LS990LG,1회로 스위치 커버 라이트그레이
1회로(일괄소등),라이트그레이,506-20U,인서트 일괄소등 1회로 (단로/3로)
1회로(일괄소등),라이트그레이,LS990LG,1회로 스위치 커버 라이트그레이
2회로(단로전용),라이트그레이,505U,인서트 단로 2회로
2회로(단로전용),라이트그레이,LS995LG,2회로 스위치 커버 라이트그레이
2회로(3로겸용),라이트그레이,509U,인서트 3로 2회로 (단로겸용)
2회로(3로겸용),라이트그레이,LS995LG,2회로 스위치 커버 라이트그레이
3회로(3로겸용),라이트그레이,5306EU,인서트 단로 3회로 (3로겸용)
3회로(3로겸용),라이트그레이,LS993BFLG,3회로 스위치 커버 라이트그레이
로터리디밍,라이트그레이,1731DD,"인서트 로터리 디밍 (일반500W / LED100W)
"
로터리디밍,라이트그레이,LS1740LG,로터리 디밍 스위치 커버 라이트그레이★신형
콘센트,라이트그레이,LS1520KILG,콘센트220V 라이트그레이 (인서트+커버)
방우콘센트,라이트그레이,LS1520KIKLLG,콘센트220V 방우형 라이트그레이 (인서트+커버)
1회로(TV/LAN),라이트그레이,UAE8UPOK6,인서트 1P TEL/LAN 소켓
1회로(TV/LAN),라이트그레이,LS969-1UALG,TEL/LAN 커버 1P 라이트그레이
2회로(TV/LAN),라이트그레이,UAE8-8UPOK6,인서트 2 TEL/LAN 소켓
2회로(TV/LAN),라이트그레이,LS969-2UALG,TEL/LAN 커버 2P 라이트그레이
1회로(3로겸용),매트화이트,506U,인서트 단로 1회로 (3로겸용)
1회로(3로겸용),매트화이트,LS990WWM,1회로 스위치 커버 매트화이트
1회로(일괄소등),매트화이트,506-20U,인서트 일괄소등 1회로 (단로/3로)
1회로(일괄소등),매트화이트,LS990WWM,1회로 스위치 커버 매트화이트
2회로(단로전용),매트화이트,505U,인서트 단로 2회로
2회로(단로전용),매트화이트,LS995WWM,2회로 스위치 커버 매트화이트
2회로(3로겸용),매트화이트,509U,인서트 3로 2회로 (단로겸용)
2회로(3로겸용),매트화이트,LS995WWM,2회로 스위치 커버 매트화이트
3회로(3로겸용),매트화이트,5306EU,인서트 단로 3회로 (3로겸용)
3회로(3로겸용),매트화이트,LS993BFWWM,3회로 스위치 커버 매트화이트
로터리디밍,매트화이트,1731DD,인서트 로터리 디밍 (일반500W / LED100W)
로터리디밍,매트화이트,LS1740WWM,로터리 디밍 스위치 커버 매트화이트★신형
콘센트,매트화이트,LS1520KIWWM,콘센트220V 매트화이트 (인서트+커버)
방우콘센트,매트화이트,LS1520BFKIKLWWM,콘센트220V 방우형 매트화이트 (인서트+커버)
1회로(TV/LAN),매트화이트,UAE8UPOK6,인서트 1P TEL/LAN 소켓
1회로(TV/LAN),매트화이트,LS969-1UAWWM,TEL/LAN 커버 1P 매트화이트
2회로(TV/LAN),매트화이트,UAE8-8UPOK6,인서트 2 TEL/LAN 소켓
2회로(TV/LAN),매트화이트,LS969-2UAWWM,TEL/LAN 커버 2P 매트화이트
1회로(3로겸용),매트블랙,506U,인서트 단로 1회로 (3로겸용)
1회로(3로겸용),매트블랙,LS990SWM,1회로 스위치 커버 매트블랙
1회로(일괄소등),매트블랙,506-20U,인서트 일괄소등 1회로 (단로/3로)
1회로(일괄소등),매트블랙,LS990SWM,1회로 스위치 커버 매트블랙
2회로(단로전용),매트블랙,505U,인서트 단로 2회로
2회로(단로전용),매트블랙,LS995SWM,2회로 스위치 커버 매트블랙
2회로(3로겸용),매트블랙,509U,인서트 3로 2회로 (단로겸용)
2회로(3로겸용),매트블랙,LS995SWM,2회로 스위치 커버 매트블랙
3회로(3로겸용),매트블랙,5306EU,인서트 단로 3회로 (3로겸용)
3회로(3로겸용),매트블랙,LS993BFSWM,3회로 스위치 커버 매트블랙
로터리디밍,매트블랙,1731DD,인서트 로터리 디밍 (일반500W / LED100W)
로터리디밍,매트블랙,LS1740SWM,로터리 디밍 스위치 커버 매트블랙★신형
콘센트,매트블랙,LS1520KISWM,콘센트220V 매트블랙 (인서트+커버)
방우콘센트,매트블랙,LS1520BFKIKLSWM,콘센트220V 방우형 매트블랙 (인서트+커버)
1회로(TV/LAN),매트블랙,UAE8UPOK6,인서트 1P TEL/LAN 소켓
1회로(TV/LAN),매트블랙,LS969-1UASWM,TEL/LAN 커버 1P 매트블랙
2회로(TV/LAN),매트블랙,UAE8-8UPOK6,인서트 2 TEL/LAN 소켓
2회로(TV/LAN),매트블랙,LS969-2UASWM,TEL/LAN 커버 2P 매트블랙
1회로(3로겸용),스테인레스스틸,506U,인서트 단로 1회로 (3로겸용)
1회로(3로겸용),스테인레스스틸,ES2990,1회로 스위치 커버 스테인레스스틸
1회로(일괄소등),스테인레스스틸,506-20U,인서트 일괄소등 1회로 (단로/3로)
1회로(일괄소등),스테인레스스틸,ES2990,1회로 스위치 커버 스테인레스스틸
2회로(단로전용),스테인레스스틸,505U,인서트 단로 2회로
2회로(단로전용),스테인레스스틸,ES2995,2회로 스위치 커버 스테인레스스틸
2회로(3로겸용),스테인레스스틸,509U,인서트 3로 2회로 (단로겸용)
2회로(3로겸용),스테인레스스틸,ES2995,2회로 스위치 커버 스테인레스스틸
3회로(3로겸용),스테인레스스틸,5306EU,인서트 단로 3회로 (3로겸용)
3회로(3로겸용),스테인레스스틸,ES993,3회로 스위치 커버 스테인레스스틸
로터리디밍,스테인레스스틸,1731DD,인서트 로터리 디밍 (일반500W / LED100W)
로터리디밍,스테인레스스틸,ES1740,로터리 디밍 스위치 커버 스테인레스스틸★신형
콘센트,스테인레스스틸,ES1520KI,콘센트220V 스테인레스스틸 (인서트+커버)
방우콘센트,스테인레스스틸,ES1520KIKL,콘센트220V 방우형 스테인레스스틸 (인서트+커버)
1회로(TV/LAN),스테인레스스틸,UAE8UPOK6,인서트 1P TEL/LAN 소켓
1회로(TV/LAN),스테인레스스틸,ES2969-1UA,TEL/LAN 커버 1P 스테인레스스틸
2회로(TV/LAN),스테인레스스틸,UAE8-8UPOK6,인서트 2 TEL/LAN 소켓
2회로(TV/LAN),스테인레스스틸,ES2969-2UA,TEL/LAN 커버 2P 스테인레스스틸
1회로(3로겸용),알루미늄,506U,인서트 단로 1회로 (3로겸용)
1회로(3로겸용),알루미늄,AL2990,1회로 스위치 커버 알루미늄
1회로(일괄소등),알루미늄,506-20U,인서트 일괄소등 1회로 (단로/3로)
1회로(일괄소등),알루미늄,AL2990,1회로 스위치 커버 알루미늄
2회로(단로전용),알루미늄,505U,인서트 단로 2회로
2회로(단로전용),알루미늄,AL2995,2회로 스위치 커버 알루미늄
2회로(3로겸용),알루미늄,509U,인서트 3로 2회로 (단로겸용)
2회로(3로겸용),알루미늄,AL2995,2회로 스위치 커버 알루미늄
3회로(3로겸용),알루미늄,5306EU,인서트 단로 3회로 (3로겸용)
3회로(3로겸용),알루미늄,AL993,3회로 스위치 커버 알루미늄
로터리디밍,알루미늄,1731DD,인서트 로터리 디밍 (일반500W / LED100W)
로터리디밍,알루미늄,AL1740,로터리 디밍 스위치 커버 알루미늄★신형
콘센트,알루미늄,AL1520KI,콘센트220V 알루미늄 (인서트+커버)
방우콘센트,알루미늄,LS1520BFKIKLWWM,콘센트220V 방우형 매트화이트 (인서트+커버)
1회로(TV/LAN),알루미늄,UAE8UPOK6,인서트 1P TEL/LAN 소켓
1회로(TV/LAN),알루미늄,AL2969-1UA,TEL/LAN 커버 1P 알루미늄
2회로(TV/LAN),알루미늄,UAE8-8UPOK6,인서트 2 TEL/LAN 소켓
2회로(TV/LAN),알루미늄,AL2969-2UA,TEL/LAN 커버 2P 알루미늄
1회로(3로겸용),앤트라사이트,506U,인서트 단로 1회로 (3로겸용)
1회로(3로겸용),앤트라사이트,AL2990AN,1회로 스위치 커버 앤트러사이트
1회로(일괄소등),앤트라사이트,506-20U,인서트 일괄소등 1회로 (단로/3로)
1회로(일괄소등),앤트라사이트,AL2990AN,1회로 스위치 커버 앤트러사이트
2회로(단로전용),앤트라사이트,505U,인서트 단로 2회로
2회로(단로전용),앤트라사이트,AL2995AN,2회로 스위치 커버 앤트러사이트
2회로(3로겸용),앤트라사이트,509U,인서트 3로 2회로 (단로겸용)
2회로(3로겸용),앤트라사이트,AL2995AN,2회로 스위치 커버 앤트러사이트
3회로(3로겸용),앤트라사이트,5306EU,인서트 단로 3회로 (3로겸용)
3회로(3로겸용),앤트라사이트,AL993AN,3회로 스위치 커버 앤트러사이트
로터리디밍,앤트라사이트,1731DD,인서트 로터리 디밍 (일반500W / LED100W)
로터리디밍,앤트라사이트,AL1740AN,로터리 디밍 스위치 커버 앤트러사이트★신형
콘센트,앤트라사이트,AL1520KIAN,콘센트220V 앤트러사이트 (인서트+커버)
방우콘센트,앤트라사이트,AL1520KIKLAN,콘센트220V 방우형 앤트러사이트 (인서트+커버)
1회로(TV/LAN),앤트라사이트,UAE8UPOK6,인서트 1P TEL/LAN 소켓
1회로(TV/LAN),앤트라사이트,AL2969-1UAAN,TEL/LAN 커버 1P 앤트러사이트
2회로(TV/LAN),앤트라사이트,UAE8-8UPOK6,인서트 2 TEL/LAN 소켓
2회로(TV/LAN),앤트라사이트,AL2969-2UAAN,TEL/LAN 커버 2P 앤트러사이트
1회로(3로겸용),다크,506U,인서트 단로 1회로 (3로겸용)
1회로(3로겸용),다크,AL2990D,1회로 스위치 커버 다크
1회로(일괄소등),다크,506-20U,인서트 일괄소등 1회로 (단로/3로)
1회로(일괄소등),다크,AL2990D,1회로 스위치 커버 다크
2회로(단로전용),다크,505U,인서트 단로 2회로
2회로(단로전용),다크,AL2995D,2회로 스위치 커버 다크
2회로(3로겸용),다크,509U,인서트 3로 2회로 (단로겸용)
2회로(3로겸용),다크,AL2995D,2회로 스위치 커버 다크
3회로(3로겸용),다크,5306EU,인서트 단로 3회로 (3로겸용)
3회로(3로겸용),다크,AL993D,3회로 스위치 커버 다크
로터리디밍,다크,1731DD,인서트 로터리 디밍 (일반500W / LED100W)
로터리디밍,다크,AL1740D,로터리 디밍 스위치 커버 다크★신형
콘센트,다크,AL1520KID,콘센트220V 다크 (인서트+커버)
방우콘센트,다크,AL1520KIKLD,콘센트220V 방우형 다크 (인서트+커버)
1회로(TV/LAN),다크,UAE8UPOK6,인서트 1P TEL/LAN 소켓
1회로(TV/LAN),다크,AL2969-1UAD,TEL/LAN 커버 1P 다크
2회로(TV/LAN),다크,UAE8-8UPOK6,인서트 2 TEL/LAN 소켓
2회로(TV/LAN),다크,AL2969-2UAD,TEL/LAN 커버 2P 다크
1회로(3로겸용),클래식브래스,506U,인서트 단로 1회로 (3로겸용)
1회로(3로겸용),클래식브래스,ME2990C,1회로 스위치 커버 클래식브래스
1회로(일괄소등),클래식브래스,506-20U,인서트 일괄소등 1회로 (단로/3로)
1회로(일괄소등),클래식브래스,ME2990C,1회로 스위치 커버 클래식브래스
2회로(단로전용),클래식브래스,505U,인서트 단로 2회로
2회로(단로전용),클래식브래스,ME2995C,2회로 스위치 커버 클래식브래스
2회로(3로겸용),클래식브래스,509U,인서트 3로 2회로 (단로겸용)
2회로(3로겸용),클래식브래스,ME2995C,2회로 스위치 커버 클래식브래스
3회로(3로겸용),클래식브래스,5306EU,인서트 단로 3회로 (3로겸용)
3회로(3로겸용),클래식브래스,ME993C,3회로 스위치 커버 클래식브래스
로터리디밍,클래식브래스,1731DD,인서트 로터리 디밍 (일반500W / LED100W)
로터리디밍,클래식브래스,ME1740C,로터리 디밍 스위치 커버 클래식브래스★신형
콘센트,클래식브래스,ME1520KIC,콘센트220V 클래식브래스 (인서트+커버)
방우콘센트,클래식브래스,ME1520KIKLC,콘센트220V 방우형 클래식브래스 (인서트+커버)
1회로(TV/LAN),클래식브래스,UAE8UPOK6,인서트 1P TEL/LAN 소켓
1회로(TV/LAN),클래식브래스,ME2969-1UAC,TEL/LAN 커버 1P 클래식브래스
2회로(TV/LAN),클래식브래스,UAE8-8UPOK6,인서트 2 TEL/LAN 소켓
2회로(TV/LAN),클래식브래스,ME2969-2UAC,TEL/LAN 커버 2P 클래식브래스
1회로(3로겸용),앤틱브래스,506U,인서트 단로 1회로 (3로겸용)
1회로(3로겸용),앤틱브래스,ME2990AT,1회로 스위치 커버 앤틱브래스
1회로(일괄소등),앤틱브래스,506-20U,인서트 일괄소등 1회로 (단로/3로)
1회로(일괄소등),앤틱브래스,ME2990AT,1회로 스위치 커버 앤틱브래스
2회로(단로전용),앤틱브래스,505U,인서트 단로 2회로
2회로(단로전용),앤틱브래스,ME2995AT,2회로 스위치 커버 앤틱브래스
2회로(3로겸용),앤틱브래스,509U,인서트 3로 2회로 (단로겸용)
2회로(3로겸용),앤틱브래스,ME2995AT,2회로 스위치 커버 앤틱브래스
3회로(3로겸용),앤틱브래스,5306EU,인서트 단로 3회로 (3로겸용)
3회로(3로겸용),앤틱브래스,ME993AT,3회로 스위치 커버 앤틱브래스
로터리디밍,앤틱브래스,1731DD,인서트 로터리 디밍 (일반500W / LED100W)
로터리디밍,앤틱브래스,ME1740AT,로터리 디밍 스위치 커버 앤틱브래스★신형
콘센트,앤틱브래스,ME1520KIAT,콘센트220V 앤틱브래스 (인서트+커버)
방우콘센트,앤틱브래스,ME1520KIKLAT,콘센트220V 방우형 앤틱브래스 (인서트+커버)
1회로(TV/LAN),앤틱브래스,UAE8UPOK6,인서트 1P TEL/LAN 소켓
1회로(TV/LAN),앤틱브래스,ME2969-1UAAT,TEL/LAN 커버 1P 앤틱브래스
2회로(TV/LAN),앤틱브래스,UAE8-8UPOK6,인서트 2 TEL/LAN 소켓
2회로(TV/LAN),앤틱브래스,ME2969-2UAAT,TEL/LAN 커버 2P 앤틱브래스