상품명,색상,단가
1구프레임,화이트,5500
2구프레임,화이트,9800
3구프레임,화이트,14500
4구프레임,화이트,26200
5구프레임,화이트,37700
1회로(3로겸용),화이트,18500
1회로(일괄소등),화이트,32900
2회로(단로전용),화이트,28500
2회로(3로겸용),화이트,42900
3회로(3로겸용),화이트,63000
로터리디밍,화이트,207400
콘센트,화이트,16100
방우콘센트,화이트,26800
1회로(TV/LAN),화이트,44400
2회로(TV/LAN),화이트,57400
1구프레임,아이보리,"5,700"
2구프레임,아이보리,"10,900"
3구프레임,아이보리,"16,100"
4구프레임,아이보리,"28,800"
5구프레임,아이보리,"40,700"
1회로(3로겸용),아이보리,18500
1회로(일괄소등),아이보리,32900
2회로(단로전용),아이보리,28800
2회로(3로겸용),아이보리,43200
3회로(3로겸용),아이보리,63000
로터리디밍,아이보리,207400
콘센트,아이보리,16100
방우콘센트,아이보리,26800
1회로(TV/LAN),아이보리,44400
2회로(TV/LAN),아이보리,57400
1구프레임,블랙,"9,200"
2구프레임,블랙,"15,000"
3구프레임,블랙,"23,600"
4구프레임,블랙,"35,100"
5구프레임,블랙,"49,000"
1회로(3로겸용),블랙,23700
1회로(일괄소등),블랙,38100
2회로(단로전용),블랙,34500
2회로(3로겸용),블랙,48900
3회로(3로겸용),블랙,68700
로터리디밍,블랙,215000
콘센트,블랙,21000
방우콘센트,블랙,29700
1회로(TV/LAN),블랙,50000
2회로(TV/LAN),블랙,63600
1구프레임,라이트그레이,"9,200"
2구프레임,라이트그레이,"15,000"
3구프레임,라이트그레이,"23,600"
4구프레임,라이트그레이,"35,100"
5구프레임,라이트그레이,"49,000"
1회로(3로겸용),라이트그레이,"23,700"
1회로(일괄소등),라이트그레이,"38,100"
2회로(단로전용),라이트그레이,34500
2회로(3로겸용),라이트그레이,48900
3회로(3로겸용),라이트그레이,68700
로터리디밍,라이트그레이,215000
콘센트,라이트그레이,21000
방우콘센트,라이트그레이,29700
1회로(TV/LAN),라이트그레이,50000
2회로(TV/LAN),라이트그레이,63600
1구프레임,매트화이트,"14,000"
2구프레임,매트화이트,"20,100"
3구프레임,매트화이트,"34,500"
4구프레임,매트화이트,"55,100"
5구프레임,매트화이트,"84,400"
1회로(3로겸용),매트화이트,"26,600"
1회로(일괄소등),매트화이트,"41,000"
2회로(단로전용),매트화이트,37500
2회로(3로겸용),매트화이트,51900
3회로(3로겸용),매트화이트,74000
로터리디밍,매트화이트,227700
콘센트,매트화이트,27900
방우콘센트,매트화이트,38800
1회로(TV/LAN),매트화이트,53800
2회로(TV/LAN),매트화이트,67800
1구프레임,매트블랙,"14,000"
2구프레임,매트블랙,"20,100"
3구프레임,매트블랙,"34,500"
4구프레임,매트블랙,"55,100"
5구프레임,매트블랙,"84,400"
1회로(3로겸용),매트블랙,"26,600"
1회로(일괄소등),매트블랙,"41,000"
2회로(단로전용),매트블랙,37500
2회로(3로겸용),매트블랙,51900
3회로(3로겸용),매트블랙,74000
로터리디밍,매트블랙,227700
콘센트,매트블랙,27900
방우콘센트,매트블랙,38800
1회로(TV/LAN),매트블랙,53800
2회로(TV/LAN),매트블랙,67800
1구프레임,스테인레스스틸,"23,600"
2구프레임,스테인레스스틸,"36,400"
3구프레임,스테인레스스틸,"60,400"
4구프레임,스테인레스스틸,"96,600"
5구프레임,스테인레스스틸,"153,300"
1회로(3로겸용),스테인레스스틸,"29,400"
1회로(일괄소등),스테인레스스틸,"43,800"
2회로(단로전용),스테인레스스틸,40400
2회로(3로겸용),스테인레스스틸,54800
3회로(3로겸용),스테인레스스틸,75400
로터리디밍,스테인레스스틸,244000
콘센트,스테인레스스틸,31900
방우콘센트,스테인레스스틸,40300
1회로(TV/LAN),스테인레스스틸,57800
2회로(TV/LAN),스테인레스스틸,72100
1구프레임,알루미늄,"23,600"
2구프레임,알루미늄,"36,400"
3구프레임,알루미늄,"60,400"
4구프레임,알루미늄,"96,600"
5구프레임,알루미늄,"153,300"
1회로(3로겸용),알루미늄,"29,400"
1회로(일괄소등),알루미늄,"43,800"
2회로(단로전용),알루미늄,40400
2회로(3로겸용),알루미늄,54800
3회로(3로겸용),알루미늄,75400
로터리디밍,알루미늄,244000
콘센트,알루미늄,31900
방우콘센트,알루미늄,40300
1회로(TV/LAN),알루미늄,57800
2회로(TV/LAN),알루미늄,72100
1구프레임,앤트라사이트,"23,600"
2구프레임,앤트라사이트,"36,400"
3구프레임,앤트라사이트,"60,400"
4구프레임,앤트라사이트,"96,600"
5구프레임,앤트라사이트,"153,300"
1회로(3로겸용),앤트라사이트,"29,400"
1회로(일괄소등),앤트라사이트,"43,800"
2회로(단로전용),앤트라사이트,40400
2회로(3로겸용),앤트라사이트,54800
3회로(3로겸용),앤트라사이트,75400
로터리디밍,앤트라사이트,244000
콘센트,앤트라사이트,31900
방우콘센트,앤트라사이트,40300
1회로(TV/LAN),앤트라사이트,57800
2회로(TV/LAN),앤트라사이트,72100
1구프레임,다크,"26,300"
2구프레임,다크,"40,600"
3구프레임,다크,"67,600"
4구프레임,다크,"107,900"
5구프레임,다크,"171,200"
1회로(3로겸용),다크,"31,100"
1회로(일괄소등),다크,"45,500"
2회로(단로전용),다크,42900
2회로(3로겸용),다크,57300
3회로(3로겸용),다크,78300
로터리디밍,다크,252000
콘센트,다크,35400
방우콘센트,다크,45000
1회로(TV/LAN),다크,60100
2회로(TV/LAN),다크,74700
1구프레임,클래식브래스,"46,300"
2구프레임,클래식브래스,"72,000"
3구프레임,클래식브래스,"120,000"
4구프레임,클래식브래스,"208,200"
5구프레임,클래식브래스,"342,600"
1회로(3로겸용),클래식브래스,"43,100"
1회로(일괄소등),클래식브래스,"57,500"
2회로(단로전용),클래식브래스,53800
2회로(3로겸용),클래식브래스,68200
3회로(3로겸용),클래식브래스,90200
로터리디밍,클래식브래스,262400
콘센트,클래식브래스,46300
방우콘센트,클래식브래스,57300
1회로(TV/LAN),클래식브래스,67900
2회로(TV/LAN),클래식브래스,83300
1구프레임,앤틱브래스,46300
2구프레임,앤틱브래스,72000
3구프레임,앤틱브래스,120000
4구프레임,앤틱브래스,208200
5구프레임,앤틱브래스,342600
1회로(3로겸용),앤틱브래스,"43,100"
1회로(일괄소등),앤틱브래스,57500
2회로(단로전용),앤틱브래스,53800
2회로(3로겸용),앤틱브래스,68200
3회로(3로겸용),앤틱브래스,90200
로터리디밍,앤틱브래스,262400
콘센트,앤틱브래스,46300
방우콘센트,앤틱브래스,57300
1회로(TV/LAN),앤틱브래스,67900
2회로(TV/LAN),앤틱브래스,83300
플라스틱원형(D47mm),,"3,500"
플라스틱원형(D61mm),,"3,500"
2구용플라스틱원형(D48mm),,"7,300"
3구용플라스틱원형(D48mm),,"10,600"
4구용플라스틱원형(D48mm),,"12,500"
메탈사각박스,,"2,900"